energy,intensity,residual,fit,pseudovoigt_1
-1.6,0.0,0.004564320478793554,0.004564320478793554,0.004564320478793554
-1.5833333333333335,0.003891050583657596,0.0007681881779156587,0.0046592387615732546,0.0046592387615732546
-1.5666666666666669,0.003973071404922201,0.000784070414812656,0.004757141819734857,0.004757141819734857
-1.5500000000000003,0.00405770964833183,0.000800446163350974,0.004858155811682804,0.004858155811682804
-1.5333333333333337,0.0041450777202072485,0.0008173358951301434,0.004962413615337392,0.004962413615337392
-1.516666666666667,0.004235294117647068,0.0008347611434468619,0.00507005526109393,0.00507005526109393
-1.5000000000000004,0.0043284838283034685,0.0008527445692880923,0.005181228397591561,0.005181228397591561
-1.4833333333333338,0.004424778761061949,0.000871310032094251,0.0052960887931562,0.0052960887931562
-1.4666666666666672,0.004524318210380788,0.0008904826656847345,0.005414800876065522,0.005414800876065522
-1.4500000000000006,0.0046272493573264635,0.0009102889597726489,0.005537538317099112,0.005537538317099112
-1.433333333333334,0.004733727810650881,0.000930756847536191,0.005664484658187072,0.005664484658187072
-1.4166666666666674,0.004843918191603862,0.0009519157997566995,0.005795833991360562,0.005795833991360562
-1.4000000000000008,0.004957994766561084,0.0009737969260812697,0.005931791692642354,0.005931791692642354
-1.383333333333334,0.005076142131979685,0.0009964330840209808,0.0060725752160006655,0.0060725752160006655
-1.3666666666666676,0.005198555956678712,0.0010198589963526317,0.006218414953031343,0.006218414953031343
-1.3500000000000008,0.0053254437869822225,0.001044111377657469,0.0063695551646396915,0.0063695551646396915
-1.3333333333333344,0.005457025920873108,0.0010692290707987858,0.0065262549916718935,0.0065262549916718935
-1.3166666666666675,0.005593536357986327,0.0010952531942208564,0.006688789552207183,0.006688789552207183
-1.3000000000000012,0.0057352238330412595,0.0011222273010348914,0.006857451134076151,0.006857451134076151
-1.2833333333333343,0.005882352941176454,0.0011501975509548828,0.007032550492131337,0.007032550492131337
-1.266666666666668,0.006035205364626978,0.0011792128962501381,0.007214418260877116,0.007214418260877116
-1.250000000000001,0.006194081211286973,0.0012093252829978958,0.007403406494284869,0.007403406494284869
-1.2333333333333347,0.006359300476947529,0.001240589869047049,0.007599890345994578,0.007599890345994578
-1.216666666666668,0.00653120464441218,0.001273065260246971,0.007804269904659151,0.007804269904659151
-1.2000000000000015,0.006710158434296354,0.0013068137666509367,0.00801697220094729,0.00801697220094729
-1.183333333333335,0.006896551724137925,0.0013419016805783406,0.008238453404716265,0.008238453404716265
-1.1666666666666683,0.007090801654520351,0.0013783995786103486,0.0084692012331307,0.0084692012331307
-1.1500000000000017,0.0072933549432738845,0.001416382649805651,0.008709737593079536,0.008709737593079536
-1.133333333333335,0.007504690431519682,0.001455931052656908,0.00896062148417659,0.00896062148417659
-1.1166666666666685,0.0077253218884119875,0.0014971303035646996,0.009222452191976687,0.009222452191976687
-1.1000000000000019,0.007955801104972366,0.0015400716998905366,0.009495872804862903,0.009495872804862903
-1.0833333333333353,0.008196721311475363,0.0015848527809617825,0.009781574092437146,0.009781574092437146
-1.0666666666666687,0.008448720957521673,0.001631577830742411,0.010080298788264084,0.010080298788264084
-1.050000000000002,0.008712487899322318,0.0016803584262598623,0.01039284632558218,0.01039284632558218
-1.0333333333333354,0.00898876404494378,0.0017313140362837254,0.010720078081227505,0.010720078081227505
-1.0166666666666688,0.009278350515463833,0.0017845726751978264,0.011062923190661659,0.011062923190661659
-1.0000000000000022,0.009582113388341695,0.0018402716174841082,0.011422385005825804,0.011422385005825804
-0.9833333333333357,0.009900990099009844,0.001898558178752478,0.011799548277762322,0.011799548277762322
-0.966666666666669,0.010235996588001109,0.001959590569794698,0.012195587157795807,0.012195587157795807
-0.9500000000000025,0.010588235294117582,0.002023538830716735,0.012611774124834317,0.012611774124834317
-0.9333333333333358,0.010958904109588984,0.0020905858527952986,0.013049489962384283,0.013049489962384283
-0.9166666666666691,0.011349306431273604,0.0021609284963063097,0.013510234927579913,0.013510234927579913
-0.9000000000000026,0.011760862463247207,0.002234778813157798,0.013995641276405004,0.013995641276405004
-0.8833333333333359,0.012195121951219443,0.002312365383705734,0.014507487334925177,0.014507487334925177
-0.8666666666666692,0.012653778558875128,0.0023939347775938074,0.015047713336468935,0.015047713336468935
-0.8500000000000028,0.013138686131386808,0.0024797531487749883,0.015618439280161796,0.015618439280161796
-0.8333333333333361,0.013651877133105715,0.0025701079749719472,0.016221985108077663,0.016221985108077663
-0.8166666666666694,0.014195583596214404,0.002665309951585688,0.016860893547800092,0.016860893547800092
-0.8000000000000029,0.014772260976610463,0.00276569504932357,0.017537956025934033,0.017537956025934033
-0.7833333333333363,0.015384615384615235,0.002871626743355357,0.01825624212797059,0.01825624212797059
-0.7666666666666697,0.01603563474387513,0.002983498419326283,0.019019133163201415,0.019019133163201415
-0.750000000000003,0.016728624535315855,0.003101735957637266,0.01983036049295312,0.01983036049295312
-0.7333333333333365,0.01746724890829681,0.003226800491470092,0.020694049399766903,0.020694049399766903
-0.7166666666666699,0.018255578093306146,0.003359191325301134,0.02161476941860728,0.02161476941860728
-0.7000000000000033,0.01909814323607401,0.0034994489880188287,0.022597592224092838,0.022597592224092838
-0.6833333333333367,0.019999999999999855,0.003648158376732869,0.023648158376732724,0.023648158376732724
-0.6666666666666701,0.02096680256260904,0.003805951921859202,0.02477275448446824,0.02477275448446824
-0.6500000000000035,0.02200488997554988,0.003973512668184298,0.025978402643734178,0.025978402643734178
-0.6333333333333369,0.02312138728323678,0.004151577116360449,0.02727296439959723,0.02727296439959723
-0.6166666666666702,0.02432432432432412,0.004340937599029735,0.028665261923353856,0.028665261923353856
-0.6000000000000036,0.02562277580071142,0.0045424438676832275,0.03016521966839465,0.03016521966839465
-0.5833333333333369,0.02702702702702668,0.004757003429388416,0.0317840304564151,0.0317840304564151
-0.5666666666666704,0.028548770816811748,0.004985579981063051,0.0335343507978748,0.0335343507978748
-0.5500000000000038,0.030201342281878873,0.0052291890209109695,0.03543053130278984,0.03543053130278984
-0.5333333333333372,0.03199999999999956,0.0054888893404249,0.03748888934042446,0.03748888934042446
-0.5166666666666706,0.03396226415094291,0.005765768570791155,0.039728032721734065,0.039728032721734065
-0.500000000000004,0.03610832497492419,0.006060920209479598,0.042169245184403785,0.042169245184403785
-0.48333333333333733,0.0384615384615379,0.006375408491928643,0.044836946953466544,0.044836946953466544
-0.4666666666666708,0.04104903078677245,0.006710215962115483,0.047759246748887936,0.047759246748887936
-0.4500000000000042,0.04390243902438932,0.007066166433053807,0.050968605457443125,0.050968605457443125
-0.4333333333333376,0.04705882352941089,0.007443812917141933,0.05450263644655282,0.05450263644655282
-0.41666666666667096,0.05056179775280797,0.007843275606939995,0.05840507335974796,0.05840507335974796
-0.4000000000000044,0.054462934947048874,0.008264008443913076,0.06272694339096195,0.06272694339096195
-0.38333333333333774,0.058823529411763525,0.008704463244665728,0.06752799265642925,0.06752799265642925
-0.36666666666667114,0.0637168141592905,0.009161606288913632,0.07287842044820413,0.07287842044820413
-0.3500000000000045,0.06923076923076783,0.009630221514974571,0.0788609907457424,0.0788609907457424
-0.3333333333333379,0.07547169811320567,0.010101903841378879,0.08557360195458455,0.08557360195458455
-0.31666666666667126,0.08256880733944734,0.010563601533941591,0.09313240887338893,0.09313240887338893
-0.3000000000000047,0.09068010075566536,0.010995504707584439,0.1016756054632498,0.1016756054632498
-0.2833333333333381,0.09999999999999735,0.011368003774650068,0.11136800377464742,0.11136800377464742
-0.2666666666666715,0.11076923076922764,0.011637398759775014,0.12240662952900265,0.12240662952900265
-0.2500000000000049,0.12328767123287268,0.011740175265311431,0.1350278464981841,0.1350278464981841
-0.23333333333333828,0.137931034482754,0.011586361300917725,0.14951739578367174,0.14951739578367174
-0.21666666666667167,0.15517241379309754,0.011054506917602236,0.16622692071069978,0.16622692071069978
-0.20000000000000503,0.1756097560975534,0.009995181324750524,0.1856049374223039,0.1856049374223039
-0.18333333333333843,0.19999999999999216,0.008256647192220856,0.208256647192213,0.208256647192213
-0.16666666666667185,0.22929936305731488,0.005751882920639495,0.23505124597795438,0.23505124597795438
-0.15000000000000524,0.2647058823529294,0.00257936775462253,0.26728525010755194,0.26728525010755194
-0.13333333333333863,0.3076923076922934,-0.0008263348536999282,0.30686597283859346,0.30686597283859346
-0.11666666666667203,0.35999999999998283,-0.003612692045899646,0.3563873079540832,0.3563873079540832
-0.1000000000000054,0.42352941176468273,-0.004673729581091635,0.4188556821835911,0.4188556821835911
-0.08333333333333881,0.49999999999997286,-0.0032181425249279694,0.4967818574750449,0.4967818574750449
-0.0666666666666722,0.590163934426198,0.00036324653883035296,0.5905271809650283,0.5905271809650283
-0.0500000000000056,0.6923076923076551,0.003952343108878376,0.6962600354165335,0.6962600354165335
-0.03333333333333899,0.7999999999999646,0.004493684889676053,0.8044936848896407,0.8044936848896407
-0.01666666666667238,0.8999999999999696,0.0005095023804718712,0.9005095023804415,0.9005095023804415
-5.773159728050815e-15,0.972972972972956,-0.005473288478454852,0.9674996844945012,0.9674996844945012
0.016666666666660834,1.0,-0.008160015402793208,0.9918399845972068,0.9918399845972068
0.03333333333332744,0.9729729729729932,-0.004757002902179397,0.9682159700708138,0.9682159700708138
0.04999999999999405,0.9000684869288876,0.0017199114406760696,0.9017883983695637,0.9017883983695637
0.06666666666666066,0.8003319898391893,0.0057572465283600716,0.8060892363675494,0.8060892363675494
0.08333333333332726,0.6926622009062817,0.005258371073877277,0.697920571980159,0.697920571980159
0.09999999999999389,0.5905260079579859,0.0015374491892954367,0.5920634571472814,0.5920634571472814
0.11666666666666048,0.5003698828803956,-0.002276086119656906,0.4980937967607387,0.4980937967607387
0.1333333333333271,0.423907359037742,-0.003985894979464,0.419921464058278,0.419921464058278
0.14999999999999367,0.36038627792143624,-0.003152701677355041,0.3572335762440812,0.3572335762440812
0.1666666666666603,0.3080871943516519,-0.0005492419216979738,0.3075379524299539,0.3075379524299539
0.18333333333332688,0.26510966833725974,0.0027173219019141492,0.2678269902391739,0.2678269902391739
0.19999999999999352,0.229712352160166,0.005784841274138558,0.23549719343430456,0.23549719343430456
0.21666666666666007,0.200422509979045,0.008208326325166132,0.20863083630421114,0.20863083630421114
0.23333333333332676,0.17604211948496107,0.009881306223194858,0.18592342570815593,0.18592342570815593
0.2499999999999933,0.15561497876280292,0.010885636608706367,0.1665006153715093,0.1665006153715093
0.26666666666665995,0.1383841657795379,0.011369966633927142,0.14975413241346505,0.14975413241346505
0.2833333333333265,0.12375175116828944,0.011481869264681019,0.13523362043297046,0.13523362043297046
0.2999999999999932,0.11124466029010888,0.011341584774266389,0.12258624506437527,0.12258624506437527
0.31666666666665977,0.1008615472585792,0.010663862307868449,0.11152540956644764,0.11152540956644764
0.3333333333333264,0.09156616328472589,0.010247920830564236,0.10181408411529012,0.10181408411529012
0.349999999999993,0.08347578183738227,0.009778920677307651,0.09325470251468992,0.09325470251468992
0.3666666666666596,0.07640033803343374,0.00928166922513017,0.08568200725856391,0.08568200725856391
0.38333333333332614,0.07018186486213082,0.00877557086510132,0.07895743572723214,0.07895743572723214
0.3999999999999928,0.06469119491649024,0.00827333288363677,0.07296452780012701,0.07296452780012701
0.41666666666665936,0.05982206629964605,0.007783065784791349,0.0676051320844374,0.0676051320844374
0.433333333333326,0.05548654321439518,0.007309731530497035,0.06279627474489222,0.06279627474489222
0.44999999999999263,0.05161143975291705,0.0068561423435695434,0.058467582096486594,0.058467582096486594
0.4666666666666592,0.04813551180660481,0.006423650950280968,0.05455916275688578,0.05455916275688578
0.4833333333333258,0.04500723964762217,0.006012628545746711,0.05101986819336888,0.05101986819336888
0.4999999999999925,0.042183066953828376,0.00562279614832531,0.047805863102153685,0.047805863102153685
0.5166666666666592,0.03962599439990947,0.0052534542697541126,0.044879448669663584,0.044879448669663584
0.5333333333333257,0.03762979151803755,0.004578300435761226,0.04220809195379878,0.04220809195379878
0.5499999999999923,0.0355235772582584,0.00424004600983776,0.03976362326809616,0.03976362326809616
0.5666666666666589,0.033602772665341465,0.00391879796499961,0.037521570630341075,0.037521570630341075
0.5833333333333255,0.03184727712998013,0.003613329087496807,0.03546060621747694,0.03546060621747694
0.5999999999999921,0.0302396665048004,0.0033224180395272224,0.033562084544327624,0.033562084544327624
0.6166666666666587,0.028764785209156422,0.0030448707330380242,0.03180965594219445,0.03180965594219445
0.6333333333333253,0.02740940871559529,0.0027795333064471045,0.030188942022042396,0.030188942022042396
0.6499999999999919,0.026161963071215155,0.002525299237185332,0.028687262308400487,0.028687262308400487
0.6666666666666585,0.025055460720915503,0.0022379425218195456,0.027293403242735048,0.027293403242735048
0.6833333333333251,0.02399553502734928,0.002001887348311873,0.025997422375661154,0.025997422375661154
0.6999999999999916,0.02310851127639354,0.001681970597703971,0.024790481874097513,0.024790481874097513
0.7166666666666583,0.022205528543641218,0.0014591779814183484,0.023664706525059566,0.023664706525059566
0.733333333333325,0.021575947349213472,0.0010371149231236804,0.022613062272337153,0.022613062272337153
0.7499999999999916,0.020807671274259663,0.0008215807415034929,0.021629252015763156,0.021629252015763156
0.7666666666666581,0.020262538639031612,0.00044508732793135247,0.020707625966962965,0.020707625966962965
0.7833333333333247,0.019608943762035314,0.00023416055367814562,0.01984310431571346,0.01984310431571346
0.7999999999999914,0.01900508918247521,2.602115504973107e-05,0.019031110337524942,0.019031110337524942
0.8166666666666581,0.01844758920101576,-0.0001800768191184618,0.018267512381897298,0.018267512381897298
0.8333333333333246,0.017933441506014527,-0.00038486807124846895,0.017548573434766058,0.017548573434766058
0.8499999999999912,0.017459988802825416,-0.0005890816445723902,0.016870907158253026,0.016870907158253026
0.8666666666666578,0.017116223909357433,-0.0008847844251161571,0.016231439484241276,0.016231439484241276
0.8833333333333245,0.01700109250482449,-0.0013737175226664691,0.01562737498215802,0.01562737498215802
0.899999999999991,0.016644697110745524,-0.001588529769709017,0.015056167341036507,0.015056167341036507
0.9166666666666576,0.016321490303453878,-0.0018059968976797715,0.014515493405774106,0.014515493405774106
0.9333333333333241,0.016030153287369217,-0.0020269229963457217,0.014003230291023495,0.014003230291023495
0.9499999999999907,0.015769582084074696,-0.002252146917873326,0.01351743516620137,0.01351743516620137
0.9666666666666575,0.01553887828303456,-0.0024825509190334032,0.013056327364001157,0.013056327364001157
0.983333333333324,0.015337342770190972,-0.00271907025573841,0.012618272514452562,0.012618272514452562
0.9999999999999906,0.015164472389002764,-0.0029627039404654214,0.012201768448537343,0.012201768448537343
1.0166666666666573,0.015019959565844851,-0.0032145269149192295,0.011805432650925622,0.011805432650925622
1.033333333333324,0.014903695013669643,-0.003475703942078136,0.011427991071591507,0.011427991071591507
1.0499999999999905,0.014815773718070222,-0.0037475055863003676,0.011068268131769855,0.011068268131769855
1.066666666666657,0.014756504512647603,-0.0040313267310022535,0.01072517778164535,0.01072517778164535
1.0833333333333235,0.01472642367105966,-0.004328708185142725,0.010397715485916935,0.010397715485916935
1.0999999999999903,0.014726313087813518,-0.004641362058363048,0.01008495102945047,0.01008495102945047
1.1166666666666567,0.014762833800814612,-0.0049768117517810465,0.009786022049033566,0.009786022049033566
1.1333333333333235,0.014828824980555134,-0.005328696771431683,0.009500128209123451,0.009500128209123451
1.14999999999999,0.014936297382658363,-0.00570977143293692,0.009226525949721443,0.009226525949721443
1.1666666666666567,0.015092709661536039,-0.0061281859181786524,0.008964523743357386,0.008964523743357386
1.1833333333333231,0.015265693132420408,-0.006552215326590123,0.008713477805830285,0.008713477805830285
1.19999999999999,0.015480363766871183,-0.007007575554874272,0.008472788211996912,0.008472788211996912
1.2166666666666563,0.01574034597789587,-0.007498450604218991,0.00824189537367688,0.00824189537367688
1.2333333333333232,0.016049975876225163,-0.008029699034454874,0.008020276841770289,0.008020276841770289
1.2499999999999896,0.016445001617509163,-0.008637557218438764,0.0078074443990703984,0.0078074443990703984
1.2666666666666564,0.016871150941466195,-0.009268209527381496,0.007602941414084699,0.0076029414140847
1.283333333333323,0.017365810966736703,-0.009959470537205322,0.007406340429531382,0.007406340429531382
1.2999999999999896,0.01793794637067392,-0.010720705408556748,0.00721724096211717,0.0072172409621171696
1.3166666666666562,0.018598387284889623,-0.011563119792106051,0.007035267492783572,0.007035267492783571
1.3333333333333228,0.019360276650060192,-0.012500209021182223,0.00686006762887797,0.00686006762887797
1.3499999999999894,0.02027741539926165,-0.01358610497755664,0.006691310421705012,0.006691310421705012
1.366666666666656,0.02139506330100348,-0.014866378476326454,0.006528684824677028,0.006528684824677027
1.3833333333333226,0.02265340564781228,-0.01628150736897243,0.006371898278839851,0.006371898278839853
1.3999999999999893,0.024215964657596928,-0.01799528924366835,0.006220675413928577,0.006220675413928578
1.4166666666666559,0.02582307680845409,-0.019748319954125567,0.006074756854328522,0.006074756854328522
1.4333333333333225,0.02770646393851211,-0.021772565818112162,0.005933898120399947,0.005933898120399949
1.449999999999989,0.029925276941982052,-0.02412740832539483,0.005797868616587223,0.005797868616587224
1.4666666666666557,0.03255400371914528,-0.026887553020556225,0.005666450698589058,0.005666450698589059
1.4833333333333223,0.03568618792266998,-0.03014674911004111,0.005539438812628875,0.005539438812628876
1.499999999999989,0.039438183003851726,-0.0340215443033074,0.005416638700544325,0.005416638700544324
1.5166666666666555,0.04395161588318507,-0.038653749218163024,0.00529786666502205,0.00529786666502205
1.533333333333322,0.049396347905066126,-0.04421339901521937,0.0051829488898467585,0.005182948889846755
1.5499999999999887,0.05593774572615727,-0.050866024915637915,0.005071720810519355,0.005071720810519354
1.566666666666655,0.06372917556163323,-0.05876514903059861,0.0049640265310346154,0.004964026531034615
1.583333333333322,0.07281235769968086,-0.06795263941668164,0.00485971828299922,0.0048597182829992255
1.5999999999999883,0.08297912055122572,-0.07822046462760347,0.004758655923622249,0.004758655923622247
1.6166666666666551,0.08968666903582638,-0.08502596256640103,0.004660706469425346,0.004660706469425346
1.6333333333333215,0.09956504877300416,-0.0949993051101998,0.004565743662804364,0.004565743662804365
1.6499999999999884,0.106985658129584,-0.10251201056075442,0.004473647568829578,0.004473647568829582
1.6666666666666548,0.1105553529287392,-0.10617104872883608,0.004384304199903127,0.004384304199903127
1.6833333333333216,0.10976166283155749,-0.10546405766545724,0.004297605166100241,0.004297605166100235
1.699999999999988,0.10550302268599474,-0.101289575336785,0.00421344734920974,0.004213447349209746
1.7166666666666548,0.09954066028792553,-0.09540892768926598,0.0041317325986595516,0.004131732598659554
1.7333333333333214,0.09359971188053476,-0.08954734443286747,0.004052367447667293,0.004052367447667296
1.749999999999988,0.08894698680154246,-0.08497172395344607,0.003975262848096392,0.003975262848096394
1.7666666666666546,0.08611776697261757,-0.0822174330499928,0.003900333922624774,0.0039003339226247793
1.7833333333333212,0.08549802656897262,-0.08167052683602384,0.003827499732948783,0.0038274997329487827
1.7999999999999878,0.08714704444740207,-0.0833903613845524,0.0037566830628496667,0.0037566830628496697
1.8166666666666544,0.09114323548348285,-0.08745542526843719,0.0036878102150456615,0.003687810215045659
1.8333333333333208,0.09741566916226682,-0.0937948583414277,0.003620810820839121,0.003620810820839115
1.849999999999988,0.10570299682241792,-0.10214737916077014,0.0035556176616477753,0.0035556176616477805
1.8666666666666545,0.11534606210318205,-0.11185389560160086,0.0034921665015811842,0.0034921665015811873
1.8833333333333209,0.12489566539676876,-0.1214652694664796,0.003430395930289154,0.0034303959302891566
1.8999999999999877,0.1324663709406456,-0.12909612372527585,0.0033702472153697427,0.0033702472153697336
1.916666666666654,0.1361582465387924,-0.13284658237511363,0.0033116641636787847,0.0033116641636787725
1.9333333333333207,0.13517303448186327,-0.13191844149092938,0.003254592990933891,0.003254592990933882
1.9499999999999873,0.13039310047924793,-0.12719411828019636,0.00319898219905157,0.0031989821990515725
1.9666666666666537,0.12373011438496852,-0.12058533192426983,0.0031447824606986863,0.003144782460698685
1.9833333333333203,0.1172246633030924,-0.11413271679251438,0.0030919465105780225,0.003091946510578025
1.9999999999999871,0.11223132336840552,-0.10919089432540187,0.0030404290430036535,0.0030404290430036582
2.0166666666666537,0.10964438113207683,-0.10665419451672278,0.0029901866153540513,0.0029901866153540582
2.0333333333333203,0.10970848399307127,-0.10676730643604997,0.0029411775570213072,0.0029411775570213072
2.049999999999987,0.11247749074012411,-0.1095841288566219,0.002893361883502213,0.002893361883502207
2.066666666666653,0.11768922280751624,-0.11484252159221367,0.0028467012153025745,0.002846701215302569
2.08333333333332,0.12473707754788672,-0.12193591884653734,0.0028011587013493794,0.002801158701349381
2.0999999999999868,0.13233632676821225,-0.1295796278215851,0.0027566989466271397,0.0027566989466271505
2.1166666666666534,0.1388812549798811,-0.13616796703610654,0.002713287943774567,0.002713287943774568
2.13333333333332,0.1427420541018731,-0.140071161093477,0.002670893008396097,0.0026708930083960913
2.1499999999999866,0.14319471281865284,-0.14056523010079292,0.0026294827178599267,0.0026294827178599232
2.1666666666666528,0.14110364763997182,-0.13851462078660223,0.0025890268533695915,0.002589026853369587
2.18333333333332,0.13826829089995027,-0.13571879455483954,0.00254949634511073,0.0025494963451107404
2.1999999999999864,0.1363279334870925,-0.13381707026680417,0.0025108632202883174,0.0025108632202883235
2.216666666666653,0.13652200547175272,-0.13404890491787125,0.0024731005538814743,0.0024731005538814656
2.23333333333332,0.13932494130255624,-0.1368887588806011,0.0024361824219551464,0.002436182421955146
2.2499999999999862,0.14470822166638303,-0.14230813780900486,0.0024000838573781658,0.0024000838573781775
2.266666666666653,0.1521105848946017,-0.14974580408679472,0.002364780807806971,0.002364780807806977
2.2833333333333194,0.16061207756974027,-0.15828182747393651,0.0023302500958037597,0.002330250095803771
2.299999999999986,0.16897722924770694,-0.16668075986674064,0.0022964693809663095,0.0022964693809663216
2.3166666666666527,0.1759261828247377,-0.1736627657007835,0.002263417123954198,0.00226341712395421
2.3333333333333193,0.18029139969025185,-0.17806032713794784,0.0022310725523040087,0.0022310725523040052
2.3499999999999854,0.18149515421662843,-0.17929573858869594,0.002199415627932494,0.0021994156279325
2.3666666666666525,0.1797830536574096,-0.1776146266411761,0.0021684270162334873,0.002168427016233499
2.383333333333319,0.1762170482718902,-0.1740789602152106,0.002138088056679588,0.002138088056679599
2.3999999999999857,0.17226873288254063,-0.17016035214769482,0.002108380734845816,0.0021083807348458287
2.4166666666666523,0.1691475675474199,-0.1670682798916427,0.0020792876557772233,0.002079287655777211
2.433333333333319,0.1671686571423933,-0.16511786512376628,0.0020507920186270123,0.002050792018627024
2.449999999999985,0.16548924618092917,-0.16346636858843214,0.00202287759249703,0.00202287759249702
2.466666666666652,0.16242034016088563,-0.16042481146747065,0.0019955286934149885,0.0019955286934149967
2.4833333333333187,0.15633214078963112,-0.1543634106272421,0.0019687301623890208,0.0019687301623890186
2.4999999999999853,0.14661349398571155,-0.1446710266412304,0.0019424673444811413,0.0019424673444811485
2.516666666666652,0.13410546069691992,-0.1321887346280729,0.001916726068847019,0.001916726068847012
2.5333333333333186,0.12044536220806938,-0.11855386957837878,0.0018914926296905998,0.001891492629690596
2.5499999999999847,0.10718928699229796,-0.10532253322421126,0.0018667537680867041,0.0018667537680867015
2.566666666666652,0.09532586355221329,-0.09348336689758709,0.0018424966546261995,0.0018424966546261962
2.5833333333333184,0.08529339317605522,-0.08347468430321339,0.0018187088728418288,0.0018187088728418282
2.599999999999985,0.07709066119281836,-0.07529528278944361,0.0017953784033747505,0.0017953784033747444
2.6166666666666516,0.07063904745880455,-0.06886655384996035,0.0017724936088441973,0.001772493608844196
2.633333333333318,0.06568665577483854,-0.06393661255545358,0.0017500432193849613,0.001750043219384959
2.649999999999985,0.062078991816957016,-0.06035097549813796,0.0017280163188190534,0.0017280163188190536
2.6666666666666514,0.059617904082309055,-0.05791150175087886,0.0017064023314301915,0.001706402331430195
2.683333333333318,0.058164564233077025,-0.05647937322376588,0.0016851910093111447,0.0016851910093111482
2.6999999999999846,0.05756091921572554,-0.055896546795469695,0.0016643724202558413,0.0016643724202558404
2.7166666666666512,0.057635772916898795,-0.055991835980729196,0.0016439369361695988,0.0016439369361695986
2.7333333333333174,0.058225327937197355,-0.056601452715225,0.001623875221972354,0.0016238752219723573
2.7499999999999845,0.05915096685973496,-0.05754678863476394,0.0016041782249710257,0.0016041782249710227
2.766666666666651,0.06033003213293948,-0.05874519496826097,0.0015848371646785056,0.0015848371646785028
2.7833333333333177,0.06181828855366552,-0.06025244503060746,0.0015658435230580595,0.0015658435230580627
2.799999999999984,0.06374490759060672,-0.06219771855543386,0.001547189035172862,0.001547189035172862
2.816666666666651,0.06628981889926785,-0.0647609532190463,0.00152886568022155,0.0015288656802215502
2.833333333333317,0.06958414097301331,-0.06807327530007147,0.0015108656729418413,0.001510865672941841
2.849999999999984,0.07372846515462701,-0.07223528369926212,0.0014931814553648948,0.0014931814553648965
2.8666666666666507,0.07885975952308069,-0.0773839538341764,0.0014758056889042914,0.0014758056889042895
2.8833333333333173,0.0851664178607698,-0.08370768661400568,0.001458731246764114,0.001458731246764108
2.899999999999984,0.09277070516830589,-0.0913287539616543,0.0014419512066515955,0.0014419512066515977
2.9166666666666505,0.10151164911253709,-0.10008619026875662,0.0014254588437804666,0.0014254588437804644
2.9333333333333167,0.11073487266572096,-0.10932562504156929,0.0014092476241516771,0.0014092476241516722
2.949999999999984,0.11922007584730741,-0.11782676464920817,0.0013933111980992396,0.0013933111980992381
2.9666666666666504,0.12537987745324689,-0.12400223405915772,0.001377643394089162,0.0013776433940891632
2.983333333333317,0.1277625583305999,-0.1264003201178397,0.001362238212760214,0.0013622382127602025
2.9999999999999836,0.1256732739092848,-0.124326184088089,0.0013470898211957877,0.001347089821195792
3.01666666666665,0.11955130788860958,-0.11821911534119266,0.0013321925474169272,0.001332192547416923
3.033333333333317,0.11079566712510833,-0.10947812625002203,0.001317540875086301,0.0013175408750862971
3.0499999999999834,0.10112180177353332,-0.09981867233511876,0.0013031294384145548,0.0013031294384145502
3.0666666666666496,0.09192926638695936,-0.09064031336969958,0.0012889530172597863,0.0012889530172597893
3.0833333333333166,0.08404615436832302,-0.08277114783591091,0.0012750065324121096,0.0012750065324121029
3.099999999999983,0.07780751134483174,-0.07654622630377661,0.0012612850410551324,0.0012612850410551265
3.11666666666665,0.07325039227702294,-0.07200260854462585,0.0012477837323970897,0.001247783732397091
3.1333333333333164,0.0702860388364263,-0.06905154091296212,0.0012344979234641812,0.0012344979234641799
3.149999999999983,0.06882118316423944,-0.0675997601091901,0.0012214230550493393,0.0012214230550493415
3.1666666666666496,0.06876812106173276,-0.06755956637392274,0.0012085546878100178,0.0012085546878100202
3.183333333333316,0.07010374023997071,-0.0689078517414621,0.0011958884985086016,0.0011958884985086003
3.199999999999983,0.07279255164035678,-0.07160913136396715,0.001183420276389624,0.0011834202763896175
3.216666666666649,0.07675045397804342,-0.07557930805835532,0.0011711459196881019,0.0011711459196881025
3.233333333333316,0.08174717338281955,-0.0805881119505559,0.0011590614322636444,0.001159061432263641
3.2499999999999822,0.08735955311363625,-0.08621239019328121,0.0011471629203550354,0.0011471629203550309
3.266666666666649,0.09306179365964579,-0.09192634707019519,0.0011354465894505977,0.001135446589450602
3.283333333333316,0.09900498124429352,-0.09788107250302398,0.0011239087412695387,0.0011239087412695371
3.2999999999999825,0.10487737930796168,-0.10376483353711198,0.001112545770849696,0.0011125457708497004
3.3166666666666487,0.11069291597185596,-0.10959156180811824,0.0011013541637377167,0.0011013541637377173
3.333333333333316,0.11639708496367848,-0.11530675447040127,0.0010903304932772112,0.0010903304932772108
3.3499999999999823,0.1217273908908785,-0.12064791947288718,0.0010794714179913206,0.0010794714179913202
3.366666666666649,0.1265996020457453,-0.12553082836668955,0.0010687736790557512,0.0010687736790557416
3.3833333333333155,0.13116896447439702,-0.13011073037653825,0.0010582340978587679,0.0010582340978587705
3.399999999999982,0.135966288673545,-0.1349184390999001,0.001047849573644899,0.0010478495736449128
3.4166666666666488,0.14142025008083,-0.1403826329995912,0.001037617081238812,0.0010376170812388236
3.433333333333316,0.14751975109442883,-0.14649221742558238,0.0010275336688464476,0.0010275336688464584
3.4499999999999815,0.15352737719387624,-0.15250978073794577,0.0010175964559304695,0.001017596455930462
3.4666666666666486,0.15816409853225305,-0.15715629590109612,0.0010078026311569344,0.0010078026311569354
3.483333333333315,0.1601857154835972,-0.15918756603318632,0.000998149450410879,0.0009981494504108742
3.499999999999982,0.1589545566775944,-0.15796592244271676,0.0009886342348776334,0.0009886342348776435
3.5166666666666484,0.1544852206038986,-0.1535059662347106,0.0009792543691879985,0.0009792543691880113
3.533333333333315,0.14869755741153032,-0.147727550111906,0.0009700072996243203,0.000970007299624333
3.5499999999999816,0.14263605104698895,-0.14167516051460335,0.0009608905323855998,0.0009608905323856057
3.566666666666648,0.13741146743857324,-0.13645956580666405,0.0009519016319091966,0.0009519016319091844
3.583333333333315,0.133595436797124,-0.13265239857787692,0.0009430382192470721,0.0009430382192470657
3.599999999999981,0.1313273368739534,-0.13039303890345869,0.000934297970494713,0.0009342979704947176
3.616666666666648,0.13056686253320388,-0.12964118391793336,0.0009256786152705143,0.0009256786152705195
3.633333333333314,0.1312641333278097,-0.13034695539256574,0.0009171779352439569,0.0009171779352439644
3.649999999999981,0.1332797358903959,-0.13237094212768508,0.00090879376271083,0.0009087937627108387
3.666666666666648,0.13628483366420036,-0.1353843096849867,0.0009005239792136688,0.0009005239792136811
3.6833333333333136,0.13952422967709147,-0.1386318631628856,0.0008923665142058779,0.0008923665142058795
3.6999999999999806,0.14204112486636356,-0.14115680552260573,0.0008843193437578223,0.0008843193437578335
3.716666666666648,0.14294294009596903,-0.14206655960666534,0.0008763804893036908,0.0008763804893036889
3.7333333333333134,0.1414293792565008,-0.1405608312400736,0.0008685480164271897,0.0008685480164271821
3.749999999999981,0.13818933933035218,-0.13732851929666698,0.0008608200336852057,0.00086082003368521
3.766666666666648,0.1331860419733018,-0.132332847281834,0.0008531946914678012,0.0008531946914678061
3.7833333333333137,0.12665222914930274,-0.12580655896840953,0.0008456701808932099,0.0008456701808932199
3.7999999999999807,0.1187286978126514,-0.11789045307991451,0.0008382447327368869,0.0008382447327368824
3.8166666666666473,0.10961484592424504,-0.10878392930785197,0.0008309166163930765,0.0008309166163930814
3.8333333333333135,0.09984258973974126,-0.09901890560087306,0.0008236841388681998,0.0008236841388681943
3.849999999999981,0.09008223810188593,-0.08926569245808152,0.0008165456438044005,0.0008165456438043977
3.866666666666647,0.08085685620230627,-0.08004735669177346,0.0008094995105328157,0.0008094995105328095
3.8833333333333138,0.07256316222572513,-0.0717606180725701,0.0008025441531550326,0.0008025441531550377
3.89999999999998,0.06510214772133885,-0.06430646970168667,0.0007956780196521768,0.0007956780196521831
3.916666666666647,0.058610921444190896,-0.05782202185317054,0.0007888995910203533,0.0007888995910203523
3.9333333333333136,0.05272378319996645,-0.05194157581953466,0.0007822073804317903,0.0007822073804317897
3.94999999999998,0.04782334744197015,-0.04704774750954939,0.0007755999324207605,0.0007755999324207583
3.9666666666666472,0.04352307002441606,-0.04275399420232272,0.0007690758220933458,0.0007690758220933447
3.9833333333333134,0.04013926610201627,-0.039376632447655886,0.000762633654360384,0.0007626336543603874
3.99999999999998,0.03746459966304642,-0.036708327599853666,0.0007562720631927519,0.0007562720631927527
4.016666666666646,0.03544048418519373,-0.0346904944742955,0.0007499897108982287,0.0007499897108982286
4.033333333333314,0.033991331387312106,-0.0332475460998928,0.0007437852874193074,0.0007437852874193094
4.049999999999979,0.03302552570019131,-0.03228786819054011,0.0007376575096511989,0.0007376575096511984
4.066666666666647,0.03235083401139447,-0.031619228890615116,0.000731605120779355,0.0007316051207793517
4.083333333333313,0.03178395118237268,-0.031058324292736736,0.0007256268896359414,0.0007256268896359403
4.09999999999998,0.031763311390900446,-0.03104358978082584,0.000719721610074605,0.0007197216100746042
4.116666666666646,0.03201973702619608,-0.031305848925833164,0.0007138881003629152,0.000713888100362915
4.133333333333312,0.03258483891250205,-0.03187671370991008,0.0007081252025919679,0.0007081252025919697
4.149999999999979,0.033434036826116544,-0.03273160504401397,0.0007024317821025736,0.0007024317821025742
4.166666666666647,0.03443820935102124,-0.03374140262409376,0.0006968067269274777,0.0006968067269274746
4.183333333333312,0.03536756518157945,-0.03467631623433031,0.0006912489472491387,0.0006912489472491419
4.19999999999998,0.0359505047177961,-0.03526474734292351,0.0006857573748725934,0.0006857573748725927
4.216666666666645,0.03596231076319577,-0.03528197980048296,0.0006803309627128051,0.0006803309627128022
4.233333333333313,0.035307682507203744,-0.03463271382290752,0.0006749686842962219,0.0006749686842962203
4.249999999999979,0.03406049881290491,-0.03339082927962894,0.0006696695332759697,0.0006696695332759694
4.266666666666646,0.032431453015792665,-0.03176702049283238,0.0006644325229602857,0.0006644325229602851
4.283333333333312,0.030672135044579777,-0.03001287835872598,0.0006592566858537978,0.0006592566858537962
4.299999999999979,0.028966334931621377,-0.028312193858410137,0.0006541410732112396,0.000654141073211239
4.316666666666645,0.027363343807303785,-0.026714259052700556,0.0006490847546032283,0.0006490847546032288
4.333333333333313,0.025815923983005612,-0.0251718371655119,0.0006440868174937137,0.0006440868174937119
4.349999999999977,0.024223887688296343,-0.0235847413214676,0.0006391463668287446,0.000639146366828745
4.366666666666646,0.022534439228242227,-0.021900176703605972,0.0006342625246362546,0.0006342625246362536
4.383333333333312,0.02080220500592597,-0.02017277057628953,0.0006294344296364392,0.0006294344296364395
4.399999999999979,0.01906966307887128,-0.01844500184200877,0.0006246612368625108,0.0006246612368625095
4.416666666666645,0.017415702302007743,-0.016795760184716325,0.000619942117291418,0.0006199421172914162
4.433333333333312,0.015905951446525034,-0.015290675189040719,0.0006152762574843148,0.0006152762574843148
4.449999999999978,0.014547887882829291,-0.013937225023592853,0.0006106628592364386,0.0006106628592364386
4.466666666666645,0.013426539109273928,-0.012820437970037816,0.0006061011392361117,0.0006061011392361125
4.483333333333311,0.012476164752763268,-0.011874574424030629,0.0006015903287326391,0.0006015903287326398
4.499999999999979,0.01169175984669532,-0.01109463017348253,0.0005971296732127894,0.0005971296732127898
4.516666666666644,0.0110536908237312,-0.010460972391645555,0.0005927184320856441,0.0005927184320856433
4.533333333333312,0.010544300517995238,-0.0099559446396197,0.0005883558783755377,0.0005883558783755381
4.549999999999978,0.010111764810362156,-0.009527723511939265,0.000584041298422891,0.0005840412984228906
4.566666666666645,0.00972206784273088,-0.00914229385113823,0.0005797739915926504,0.0005797739915926511
4.583333333333311,0.009455938247878402,-0.00888038497788822,0.0005755532699901825,0.0005755532699901823
4.599999999999977,0.00917693218891364,-0.008605553730729305,0.0005713784581843351,0.000571378458184335
4.616666666666644,0.009188422430469106,-0.008621173537531583,0.0005672488929375236,0.0005672488929375238
4.633333333333312,0.009302694296132702,-0.00873953037319011,0.0005631639229425923,0.0005631639229425932
4.649999999999976,0.009526867750149264,-0.008967744841582978,0.0005591229085662851,0.0005591229085662858
4.666666666666645,0.00986838204117474,-0.009313256819575625,0.0005551252215991141,0.0005551252215991149
4.6833333333333105,0.010331111121827347,-0.00977994087681587,0.0005511702450114765,0.0005511702450114758
4.699999999999978,0.01090924976026132,-0.010361992387545522,0.0005472573727157981,0.0005472573727157985
4.716666666666644,0.011580885210842348,-0.01103749920150776,0.0005433860093345885,0.000543386009334588
4.733333333333311,0.012302396425264627,-0.011762840855290451,0.0005395555699741761,0.0005395555699741764
4.749999999999977,0.013040057798095108,-0.012504292318091076,0.0005357654800040319,0.0005357654800040316
4.766666666666644,0.01375875631275779,-0.013226741137916326,0.0005320151748414645,0.0005320151748414644
4.78333333333331,0.014446891702747667,-0.01391858760300608,0.0005283040997415868,0.0005283040997415864
4.799999999999978,0.015096153108483168,-0.0145715213988908,0.0005246317095923686,0.000524631709592369
4.816666666666643,0.0156940023344889,-0.015173004865774232,0.0005209974687146682,0.000520997468714668
4.833333333333311,0.016245522651620947,-0.015728121800953877,0.0005174008506670692,0.0005174008506670697
4.8499999999999766,0.01679928445342448,-0.016285443115369044,0.0005138413380554353,0.0005138413380554339
4.866666666666644,0.01737505498767164,-0.016864736565324643,0.0005103184223469968,0.000510318422346998
4.88333333333331,0.0181204113718608,-0.017613579768171874,0.0005068316036889245,0.0005068316036889235
4.899999999999976,0.019033587276818326,-0.018530206886087166,0.0005033803907311604,0.0005033803907311593
4.916666666666642,0.019970639491295936,-0.019470675190842425,0.0004999643004535113,0.0004999643004535098
4.9333333333333105,0.02074138628625168,-0.020244803428254892,0.0004965828579967871,0.0004965828579967875
4.949999999999976,0.021111052848654666,-0.020617817252156716,0.0004932355964979498,0.0004932355964979496
4.966666666666644,0.021112069193101986,-0.020622147136172886,0.0004899220569291006,0.0004899220569291003
4.9833333333333085,0.020665350292444727,-0.020178708504504463,0.0004866417879402646,0.00048664178794026604
4.999999999999977,0.019932856436185555,-0.019449462090479718,0.00048339434570583706,0.0004833943457058356
5.016666666666643,0.01901540556743102,-0.01853522627365645,0.00048017929377457136,0.0004801792937745723
5.03333333333331,0.018058869882539637,-0.017581873679616538,0.00047699620292309883,0.0004769962029230997
5.049999999999976,0.017125363876573842,-0.016651519225561066,0.000473844651012776,0.0004738446510127753
5.066666666666643,0.016172326663091947,-0.01570160244024209,0.0004707242228498554,0.0004707242228498538
5.083333333333309,0.015272093379256828,-0.014804458869207964,0.000467634510048864,0.00046763451004886434
5.0999999999999766,0.014377044247257916,-0.013912469136358806,0.0004645751108991094,0.00046457511089910853
5.116666666666641,0.013569579387075379,-0.013108033756841175,0.00046154563023420407,0.00046154563023420467
5.13333333333331,0.012938043359667311,-0.012479497680362717,0.00045854567930459465,0.000458545679304594
5.149999999999976,0.012491246058805286,-0.012035671183152349,0.00045557487565293757,0.000455574875652937
5.166666666666642,0.01227021526391276,-0.01181758242092044,0.00045263284299232147,0.00045263284299232114
5.183333333333309,0.012229573379522967,-0.011779854168435758,0.0004497192110872097,0.000449719211087209
5.199999999999976,0.012411790448933363,-0.011964956833296304,0.00044683361563705934,0.0004468336156370592
5.216666666666642,0.012631955771594887,-0.01218798007343234,0.00044397569816254784,0.0004439756981625483
5.2333333333333085,0.012861890526208767,-0.012420745420314438,0.00044114510589432845,0.0004411451058943281
5.249999999999975,0.012952664129169731,-0.012514322637505475,0.00043834149166425626,0.00043834149166425637
5.266666666666643,0.012832477224745792,-0.012396912710946756,0.0004355645137990357,0.00043556451379903494
5.283333333333308,0.012455702351086588,-0.01202288851507039,0.0004328138360161979,0.00043281383601619767
5.299999999999976,0.01199385158593986,-0.011563762458617474,0.00043008912732238683,0.0004300891273223861
5.316666666666642,0.011501102142697736,-0.011073712080783877,0.00042739006191385917,0.00042739006191385977
5.333333333333309,0.011128819379458171,-0.010704103060378993,0.00042471631907917834,0.0004247163190791784
5.349999999999975,0.01097831551997038,-0.010556247936866369,0.0004220675831040112,0.00042206758310401064
5.366666666666641,0.010927316390904133,-0.010507872847726125,0.000419443543178008,0.00041944354317800824
5.383333333333308,0.010806211169280888,-0.010389367275977186,0.0004168438933037019,0.00041684389330370127
5.399999999999976,0.010614974257290192,-0.010200705925082834,0.00041426833220735773,0.00041426833220735784
5.416666666666641,0.010271581326610123,-0.009859864763358353,0.00041171656325176935,0.0004117165632517695
5.433333333333309,0.009834131065227129,-0.009424942770876228,0.00040918829435090086,0.00040918829435090037
5.449999999999974,0.009297598301658177,-0.008890915063771803,0.0004066832378863735,0.00040668323788637317
5.466666666666642,0.008697139372068055,-0.008292938261442326,0.00040420111062572893,0.00040420111062572936
5.483333333333308,0.008024116887538398,-0.007622375253895965,0.0004017416336424334,0.00040174163364243345
5.499999999999975,0.007315731922365474,-0.006916427390127903,0.0003993045322375705,0.00039930453223757087
5.516666666666641,0.006565652453779356,-0.006168762917916152,0.00039688953586320373,0.000396889535863204
5.533333333333308,0.005844794880350924,-0.005450298502303582,0.00039449637804734195,0.0003944963780473424
5.549999999999974,0.005177767365665529,-0.004785642569345038,0.0003921247963204911,0.00039212479632049147
5.566666666666642,0.004587412844911594,-0.004197638312767854,0.0003897745321437395,0.00038977453214373935
5.583333333333307,0.0040798944721002,-0.0036924491412618525,0.0003874453308383473,0.0003874453308383475
5.599999999999975,0.0036506665421485577,-0.003265529600631751,0.0003851369415168067,0.0003851369415168068
5.61666666666664,0.00329037815035334,-0.0029075290333380127,0.0003828491170153273,0.00038284911701532743
5.633333333333308,0.0029886090930426146,-0.0026080274792148897,0.0003805816138277248,0.0003805816138277248
5.649999999999974,0.002735690107776864,-0.002357355915736191,0.000378334192040673,0.0003783341920406728
5.666666666666641,0.002523366843905612,-0.002147260228635324,0.000376106615270288,0.00037610661527028786
5.683333333333306,0.0023300631942332127,-0.0019561645436331956,0.0003738986506000171,0.000373898650600017
5.699999999999974,0.002180374898760963,-0.0018086648302411677,0.00037171006851979523,0.0003717100685197951
5.71666666666664,0.002054958204967324,-0.001685417562100878,0.00036954064286644586,0.0003695406428664459
5.733333333333308,0.0019505886000300875,-0.001583198449264794,0.00036739015076529347,0.0003673901507652935
5.7499999999999725,0.0018648527274811324,-0.0014995943549081714,0.000365258372572961,0.00036525837257296107
5.766666666666641,0.0017960239663209377,-0.0014328788744996134,0.00036314509182132425,0.00036314509182132425
5.783333333333307,0.001720481626512626,-0.001359431531350028,0.000361050095162598,0.000361050095162598
5.799999999999974,0.0016830996415389443,-0.0013241264692234196,0.00035897317231552476,0.0003589731723155247
5.81666666666664,0.0016262300718450644,-0.0012693159558324184,0.00035691411601264595,0.00035691411601264595
5.833333333333307,0.001611919732637923,-0.0012570470106892996,0.0003548727219486235,0.0003548727219486235
5.849999999999973,0.0016048014922694148,-0.0012519527035398182,0.0003528487887295966,0.0003528487887295965
5.86666666666664,0.0016347432507004985,-0.0012839011328769573,0.00035084211782354115,0.0003508421178235412
5.883333333333305,0.0016857628276620254,-0.0013369103141504064,0.00034885251351161905,0.00034885251351161905
5.899999999999974,0.001761334740481444,-0.0014144549576409616,0.00034687978284048235,0.0003468797828404824
5.91666666666664,0.001865932288006437,-0.0015210085524309108,0.00034492373557552607,0.00034492373557552607
5.933333333333306,0.001989512518215736,-0.001646528334060683,0.00034298418415505314,0.00034298418415505314
5.949999999999973,0.0021607489243893377,-0.0018196879807439949,0.0003410609436453429,0.00034106094364534293
5.96666666666664,0.002386736856454915,-0.0020475830247583203,0.00033915383169659486,0.0003391538316965949
5.983333333333306,0.0026530571609377643,-0.0023157944924380286,0.00033726266849973567,0.0003372626684997358
5.9999999999999725,0.002969667659174261,-0.0026342803824302,0.00033538727674406075,0.00033538727674406064
6.016666666666639,0.0033068140847257966,-0.002973286603150095,0.00033352748157570175,0.00033352748157570175
6.033333333333307,0.003620015633850385,-0.00328833252329349,0.00033168311055689495,0.0003316831105568948
6.049999999999972,0.0038444166455045207,-0.0035145626518784845,0.00032985399362603623,0.00032985399362603607
6.06666666666664,0.003916571185462839,-0.003588531222404337,0.0003280399630585023,0.0003280399630585022
6.0833333333333055,0.0038092320327282624,-0.0034829911793000344,0.00032624085342822804,0.0003262408534282279
6.099999999999973,0.0035494402458889464,-0.0032249837443189353,0.0003244565015700111,0.0003244565015700112
6.11666666666664,0.00320043214610638,-0.0028777453995638353,0.0003226867465425448,0.0003226867465425448
6.133333333333305,0.0028268467668079366,-0.002505915337215791,0.0003209314295921457,0.0003209314295921458
6.149999999999972,0.002472937473226955,-0.0021537470791097796,0.00031919039411717554,0.00031919039411717554
6.16666666666664,0.002160175622001572,-0.00184271213636844,0.00031746348563313205,0.000317463485633132
6.183333333333305,0.001894251048772865,-0.001578500497034462,0.00031575055173840307,0.000315750551738403
6.199999999999973,0.001672608969388938,-0.001358557527308279,0.00031405144208065906,0.00031405144208065917
6.216666666666638,0.0014894646029960984,-0.0011770985946722148,0.0003123660083238836,0.00031236600832388364
6.233333333333306,0.0013384345380275796,-0.001027740433911566,0.0003106941041160136,0.00031069410411601364
6.249999999999972,0.0012136748094292323,-0.0009046392243720418,0.00030903558505719045,0.0003090355850571904
6.266666666666639,0.0011102474053009976,-0.0008028570966324012,0.0003073903086685964,0.0003073903086685963
6.283333333333305,0.0010241407634558619,-0.000718382629093987,0.00030575813436187487,0.0003057581343618748
6.299999999999972,0.0009521598820936355,-0.0006480209586845228,0.00030413892340911265,0.0003041389234091126
6.316666666666638,0.0008917842772384375,-0.0005892517383250573,0.00030253253891338017,0.00030253253891338017
6.3333333333333055,0.0008410336313034932,-0.0005400947855236818,0.0003009388457798115,0.0003009388457798115
6.349999999999971,0.0007882098897912334,-0.0004888521791040147,0.0002993577106872187,0.00029935771068721875
6.36666666666664,0.0007525906554877921,-0.00045480165342756863,0.0002977890020602235,0.0002977890020602235
6.383333333333304,0.0007228641949372934,-0.0004266316048953923,0.00029623259004190114,0.00029623259004190114
6.399999999999972,0.0006982868399087982,-0.0004035984934418784,0.0002946883464669198,0.0002946883464669198
6.416666666666638,0.0006671157541095356,-0.00037395960927436267,0.0002931561448351729,0.0002931561448351729
6.433333333333305,0.000645005379493612,-0.0003533695192077278,0.00029163586028588425,0.00029163586028588425
6.449999999999973,0.0006333058086720105,-0.0003431784390998238,0.00029012736957218665,0.00029012736957218665
6.466666666666638,0.000625184442884534,-0.00033655389184837815,0.0002886305510361559,0.0002886305510361559
6.483333333333304,0.0006205035025779992,-0.00033335821799370367,0.0002871452845842955,0.0002871452845842955
6.499999999999972,0.0006192046745116873,-0.0003335332228482267,0.00028567145166346063,0.00028567145166346063
6.516666666666639,0.0006213057378856704,-0.00033709680264845535,0.000284208935237215,0.000284208935237215
6.533333333333305,0.0006039945868221229,-0.0003212369670595149,0.00028275761976260795,0.00028275761976260795
6.5499999999999705,0.0006137252238044462,-0.0003324078326370806,0.0002813173911673656,0.0002813173911673656
6.566666666666638,0.0006047776936573755,-0.000324889556829887,0.00027988813682748847,0.00027988813682748847
6.5833333333333055,0.0006231581830360969,-0.0003446884374908512,0.00027846974554524565,0.00027846974554524565
6.599999999999971,0.0006337680871982241,-0.0003567059796706669,0.0002770621075275572,0.0002770621075275572
6.616666666666637,0.0006624848892488697,-0.00038681977488411103,0.0002756651143647587,0.0002756651143647587
6.633333333333304,0.0006973192371910539,-0.00042304057818131507,0.0002742786590097388,0.0002742786590097388
6.649999999999972,0.0007392569480711444,-0.00046635431231370055,0.0002729026357574438,0.0002729026357574438
6.666666666666638,0.0007895426603224253,-0.0005180057200976853,0.0002715369402247399,0.0002715369402247399
6.683333333333303,0.0008330084196076873,-0.0005628269502770602,0.0002701814693306272,0.00027018146933062724
6.69999999999997,0.0009054639619342336,-0.0006366278406574352,0.00026883612127679834,0.00026883612127679834
6.716666666666638,0.0009923357464075885,-0.0007248349508790521,0.00026750079552853643,0.0002675007955285365
6.733333333333304,0.0010968178118700965,-0.0008306424190741552,0.0002661753927959413,0.0002661753927959413
6.74999999999997,0.0012229540649686605,-0.0009580942499531784,0.00026485981501548207,0.000264859815015482
6.766666666666636,0.0013758345184867965,-0.0011122805531549294,0.0002635539653318671,0.0002635539653318671
6.783333333333305,0.0015617780277680387,-0.001299520279687811,0.00026225774808022765,0.00026225774808022765
6.7999999999999705,0.0017884101805828436,-0.0015274391118142395,0.0002609710687686041,0.00026097106876860407
6.816666666666636,0.002064429183181777,-0.0018047353491210429,0.0002596938340607342,0.0002596938340607343
6.833333333333304,0.002387968244156822,-0.0021295422923976867,0.0002584259517591351,0.0002584259517591351
6.849999999999971,0.002787075005635288,-0.0025299076748468152,0.000257167330788473,0.000257167330788473
6.866666666666637,0.0032330643719318663,-0.0029771464907526507,0.00025591788117921557,0.00025591788117921546
6.8833333333333035,0.0037448433409505576,-0.0034901658268989967,0.0002546775140515609,0.0002546775140515609
6.899999999999969,0.004266115855053602,-0.004012669713453961,0.0002534461415996409,0.00025344614159964065
6.916666666666638,0.004733392359982105,-0.0044811686829061195,0.00025222367707598576,0.000252223677075986
6.933333333333303,0.0050731049261991245,-0.004822094891422867,0.0002510100347762577,0.000251010034776258
6.949999999999969,0.005228483226228465,-0.0049786780962042315,0.0002498051300242332,0.0002498051300242333
6.966666666666637,0.005177871012632568,-0.004929262133475528,0.00024860887915704056,0.00024860887915704094
6.983333333333304,0.004933801139556769,-0.004686379940046122,0.000247421199510647,0.00024742119951064683
6.99999999999997,0.004516681615965384,-0.004270439606559805,0.00024624200940557943,0.00024624200940557927
7.016666666666636,0.004025914623300037,-0.0037808433951671445,0.00024507122813289227,0.0002450712281328921
7.033333333333303,0.0035069432009657746,-0.003263034425025413,0.0002439087759403616,0.00024390877594036145
7.0499999999999705,0.003011562010941419,-0.0027688074369225093,0.00024275457401890964,0.00024275457401890977
7.066666666666636,0.0025693287122871486,-0.0023277201677978933,0.00024160854448925526,0.0002416085444892552
7.083333333333302,0.002180151797621449,-0.0019396811872326688,0.0002404706103887801,0.00024047061038878014
7.0999999999999694,0.0018631067214146704,-0.001623766025756055,0.00023934069565861534,0.00023934069565861537
7.116666666666637,0.0016005279884154326,-0.0013623092632844948,0.00023821872513093783,0.00023821872513093772
7.1333333333333035,0.001383752803081267,-0.0011466481785647941,0.00023710462451647296,0.00023710462451647293
7.149999999999968,0.0012045262550681973,-0.0009685279346759923,0.00023599832039220502,0.000235998320392205
7.166666666666636,0.0010557189196281143,-0.0008208191794388315,0.0002348997401892828,0.00023489974018928278
7.183333333333303,0.0009314598629566572,-0.0006976510507755304,0.00023380881218112689,0.0002338088121811269
7.199999999999969,0.0008270276372756256,-0.0005943021718038998,0.00023272546547172587,0.00023272546547172587
7.216666666666634,0.0007386662934833399,-0.0005070166634992167,0.00023164962998412314,0.00023164962998412311
7.233333333333302,0.000663398632862216,-0.00043281739641312677,0.00023058123644908925,0.00023058123644908925
7.249999999999972,0.0005988630824781945,-0.00036934286608421665,0.0002295202163939778,0.0002295202163939778
7.2666666666666355,0.0005431803012114177,-0.00031471379907965915,0.0002284665021317585,0.0002284665021317585
7.283333333333301,0.0004948475983603272,-0.000267427571610101,0.0002274200267502262,0.0002274200267502262
7.299999999999968,0.00045265671581789455,-0.00022627599171651095,0.0002263807241013836,0.0002263807241013836
7.316666666666637,0.00041563027155241765,-0.000190281742761425,0.00022534852879099265,0.00022534852879099265
7.333333333333303,0.0003829727316072356,-0.00015864935543894324,0.00022432337616829236,0.00022432337616829236
7.349999999999967,0.0003540325485166859,-0.00013072734620080706,0.00022330520231587884,0.00022330520231587884
7.366666666666635,0.0003282728337111797,-0.00010597888967143291,0.00022229394403974677,0.00022229394403974677
7.383333333333303,0.00030524854341540544,-8.395900455591658e-05,0.00022128953885948885,0.00022128953885948885
7.399999999999968,0.0002845886426487827,-6.429671765013456e-05,0.00022029192499864816,0.00022029192499864816
7.416666666666633,0.0002659820854651423,-4.6681044089919076e-05,0.00021930104137522321,0.00021930104137522321
7.433333333333301,0.00024916673278896844,-3.0849905196646455e-05,0.00021831682759232199,0.00021831682759232199
7.44999999999997,0.00023392054231395035,-1.6581318384987912e-05,0.00021733922392896244,0.00021733922392896244
7.466666666666634,0.0002200545248037094,-3.686353472692202e-06,0.0002163681713310172,0.0002163681713310172
7.4833333333333,0.00020740708106580888,7.996530336488886e-06,0.00021540361140229777,0.00021540361140229777
7.499999999999968,0.00019583942400428853,1.8606062391491012e-05,0.00021444548639577954,0.00021444548639577954
7.5166666666666355,0.00018523185810550465,2.82618810994576e-05,0.00021349373920496225,0.00021349373920496225
7.533333333333301,0.0001754807401376867,3.706757321767713e-05,0.00021254831335536383,0.00021254831335536383
7.549999999999968,0.00016649598393723487,4.51131690589111e-05,0.00021160915299614597,0.00021160915299614597
7.566666666666634,0.00015819900201364986,5.247720087821973e-05,0.0002106762028918696,0.0002106762028918696
7.583333333333303,0.00015052099962416344,5.922840879021217e-05,0.0002097494084143756,0.0002097494084143756
7.599999999999967,0.00014340155465021373,6.542716088457894e-05,0.00020882871553479267,0.00020882871553479267
7.616666666666633,0.000136787430317109,7.112664049855545e-05,0.00020791407081566444,0.00020791407081566444
7.633333333333299,0.0001306315784814117,7.637384292178816e-05,0.00020700542140319987,0.00020700542140319987
7.649999999999968,0.00012489229957700896,8.121041544263124e-05,0.0002061027150196402,0.0002061027150196402
7.666666666666633,0.00010650950352080627,9.869639643493693e-05,0.0002052058999557432,0.0002052058999557432
7.683333333333299,0.00010176233346638824,0.00010255259159699164,0.00020431492506337988,0.00020431492506337988
7.699999999999966,9.732407586281645e-05,0.00010610566388542863,0.0002034297397482451,0.0002034297397482451
7.716666666666634,9.316862596969085e-05,0.0001093816679929871,0.00020255029396267795,0.00020255029396267795
7.7333333333333,8.927256629278886e-05,0.000112403971905801,0.00020167653819858986,0.00020167653819858986
7.749999999999966,8.56148429229433e-05,0.00011519358055755665,0.00020080842348049995,0.00020080842348049995
7.766666666666634,8.217648623838878e-05,0.00011776941512028564,0.00019994590135867442,0.00019994590135867442
7.783333333333301,7.894036918914812e-05,0.00012014855471322138,0.0001990889239023695,0.0001990889239023695
7.799999999999968,7.589099752037563e-05,0.00012234644617279927,0.0001982374436931749,0.0001982374436931749
7.816666666666632,7.301432722262195e-05,0.00012437708659583503,0.00019739141381845698,0.00019739141381845698
7.833333333333299,7.029760526128519e-05,0.00012625318260361357,0.00019655078786489876,0.00019655078786489876
7.849999999999967,6.772923026716017e-05,0.00012798628964497783,0.000195715519912138,0.000195715519912138
7.866666666666633,6.529863039051561e-05,0.00012958693413598162,0.00019488556452649722,0.00019488556452649725
7.883333333333299,6.299615595285945e-05,0.00013106472080194885,0.00019406087675480832,0.00019406087675480832
7.899999999999967,6.0812984889811416e-05,0.0001324284272285155,0.0001932414121183269,0.0001932414121183269
7.916666666666633,5.874103927838362e-05,0.00013368608732835483,0.00019242712660673845,0.00019242712660673845
7.933333333333299,5.677291149306076e-05,0.00013484506517918955,0.0001916179766722503,0.0001916179766722503
7.949999999999965,5.490179874591324e-05,0.0001359121204778587,0.00019081391922377193,0.00019081391922377193
7.966666666666634,5.312144494355774e-05,0.00013689346667762186,0.0001900149116211796,0.0001900149116211796
7.9833333333333,5.1426088943718254e-05,0.00013779482272594792,0.00018922091166966617,0.00018922091166966617
7.999999999999966,4.98104184211338e-05,0.0001386214591930373,0.0001884318776141711,0.0001884318776141711
8.016666666666632,4.826952866034603e-05,0.00013937823947354793,0.00018764776813389396,0.00018764776813389396
8.0333333333333,4.6798885684662046e-05,0.00014006965665222353,0.00018686854233688558,0.00018686854233688558
8.049999999999969,4.53942932088713e-05,0.00014069986654584814,0.00018609415975471945,0.00018609415975471945
8.066666666666633,4.4051862970251115e-05,0.000141272717366988,0.00018532458033723912,0.00018532458033723912
8.083333333333298,4.2767988049800565e-05,0.0001417917763975802,0.00018455976444738077,0.00018455976444738077
8.099999999999964,4.1539318844953935e-05,0.00014226035401111836,0.0001837996728560723,0.0001837996728560723
8.116666666666633,4.036274139750162e-05,0.00014268152533970248,0.0001830442667372041,0.0001830442667372041
8.133333333333299,3.9235357817086094e-05,0.0001430581498455872,0.00018229350766267328,0.00018229350766267328
8.149999999999965,3.815446857233749e-05,0.00014339288902515959,0.00018154735759749708,0.00018154735759749708
8.166666666666632,3.711755644916656e-05,0.00014368822244583134,0.0001808057788949979,0.0001808057788949979
8.1833333333333,3.61222719995814e-05,0.0001439464622924751,0.0001800687342920565,0.0001800687342920565
8.199999999999966,3.516642032512129e-05,0.0001441697665793107,0.00017933618690443197,0.000179336186904432
8.216666666666631,3.424794905708405e-05,0.0001443601511650651,0.00017860810022214915,0.00017860810022214915
8.233333333333297,3.3364937411496084e-05,0.00014451950069345468,0.00017788443810495076,0.00017788443810495076
8.249999999999966,3.2515586210577025e-05,0.0001446495785672372,0.00017716516477781424,0.00017716516477781424
8.266666666666632,3.169820877454257e-05,0.00014475203605198957,0.00017645024482653213,0.00017645024482653216
8.283333333333298,3.091122259820148e-05,0.0001448284205951525,0.000175739643193354,0.000175739643193354
8.299999999999965,3.0153141736128785e-05,0.00014488018343656082,0.0001750333251726896,0.0001750333251726896
8.316666666666633,2.9422569828415296e-05,0.00014490868657845863,0.00017433125640687393,0.00017433125640687393
8.333333333333298,2.871819370623216e-05,0.00014491520917575708,0.00017363340288198924,0.00017363340288198924
8.349999999999964,2.8038777522851057e-05,0.0001449009534008962,0.00017293973092374727,0.00017293973092374727
8.36666666666663,2.7383157361414957e-05,0.00014486704983201302,0.00017225020719342798,0.00017225020719342798
8.383333333333299,2.6750236275772788e-05,0.00014481456240810232,0.0001715647986838751,0.0001715647986838751
8.399999999999965,2.6138979725131995e-05,0.00014474449299041578,0.0001708834727155478,0.00017088347271554776
8.41666666666663,2.554841136723832e-05,0.00014465778556538734,0.00017020619693262565,0.00017020619693262567
8.433333333333298,2.4977609178303214e-05,0.00014455533012086634,0.00016953293929916955,0.00016953293929916955
8.449999999999966,2.442570187103044e-05,0.00014443796622430323,0.00016886366809533367,0.00016886366809533367
8.466666666666631,2.3891865584884343e-05,0.00014430648632874694,0.00016819835191363128,0.00016819835191363128
8.483333333333297,2.3375320825236138e-05,0.00014416163883001438,0.0001675369596552505,0.0001675369596552505
8.499999999999964,2.287532963025233e-05,0.0001440041308961694,0.00016687946052642172,0.00016687946052642172
8.516666666666632,2.2391192946387017e-05,0.0001438346310884475,0.00016622582403483452,0.00016622582403483452
8.533333333333298,9.977292417469016e-06,0.0001555987275686341,0.00016557601998610312,0.00016557601998610312
8.549999999999963,9.766995564215325e-06,0.00015516302291606539,0.0001649300184802807,0.0001649300184802807
8.566666666666633,9.563269467577353e-06,0.00015472452044084335,0.0001642877899084207,0.0001642877899084207
